{"cameraMode":{"drawMode":0,"name":"Shaded","section":"Shading Mode"},"sceneLighting":true,"audioPlay":false,"sceneViewState":{"showFog":true,"showMaterialUpdate":false,"showSkybox":true,"showFlares":true,"showImageEffects":true,"showParticleSystems":true},"in2DMode":false,"pivot":{"x":-5.878662109375,"y":-6.325778961181641,"z":5.289144515991211},"rotation":{"x":0.25587916374206545,"y":-0.3898725211620331,"z":0.11375742405653,"w":0.8773096203804016},"size":10.402901649475098,"orthographic":false}