{"cameraMode":{"drawMode":0,"name":"Shaded","section":"Shading Mode"},"sceneLighting":true,"audioPlay":false,"sceneViewState":{"showFog":true,"showMaterialUpdate":false,"showSkybox":true,"showFlares":true,"showImageEffects":true,"showParticleSystems":true},"in2DMode":false,"pivot":{"x":-5.44551944732666,"y":-5.595885753631592,"z":4.770406723022461},"rotation":{"x":0.2696525454521179,"y":-0.36340421438217165,"z":0.11078125983476639,"w":0.8848770260810852},"size":11.073793411254883,"orthographic":false}