{"cameraMode":{"drawMode":0,"name":"Shaded","section":"Shading Mode"},"sceneLighting":false,"audioPlay":false,"sceneViewState":{"showFog":true,"showMaterialUpdate":false,"showSkybox":false,"showFlares":true,"showImageEffects":true,"showParticleSystems":true},"in2DMode":false,"pivot":{"x":-0.6183679699897766,"y":0.8499425053596497,"z":-0.38026273250579836},"rotation":{"x":0.04596920311450958,"y":-0.3835957944393158,"z":0.019128724932670594,"w":0.9221869707107544},"size":0.8660253882408142,"orthographic":false}